INSERT INTO `data_types` (`id`, `name`, `slug`, `display_name_singular`, `display_name_plural`, `icon`, `model_name`, `policy_name`, `controller`, `description`, `generate_permissions`, `server_side`, `details`, `created_at`, `updated_at`) VALUES
  (4, 'godowns', 'godowns', 'Godown', 'Godowns', 'voyager-treasure', 'App\\Godown', NULL, NULL, NULL, 1, 1, '{\"order_column\":null,\"order_display_column\":null}', '2018-06-27 10:12:36', '2018-06-27 10:12:36'),
  (5, 'godown_transfers', 'godown-transfers', 'Godown Transfer', 'Godown Transfers', NULL, 'App\\GodownTransfer', NULL, NULL, NULL, 1, 1, '{\"order_column\":null,\"order_display_column\":null}', '2018-06-27 10:15:40', '2018-06-27 10:15:40'),
  (6, 'goods', 'goods', 'Good', 'Goods', NULL, 'App\\Good', NULL, NULL, NULL, 1, 1, '{\"order_column\":null,\"order_display_column\":null}', '2018-06-27 10:16:11', '2018-06-27 10:16:11'),
  (7, 'labours', 'labours', 'Labour', 'Labours', NULL, 'App\\Labour', NULL, NULL, NULL, 1, 1, '{\"order_column\":null,\"order_display_column\":null}', '2018-06-27 10:16:39', '2018-06-27 10:16:39'),
  (8, 'purchases', 'purchases', 'Purchase', 'Purchases', NULL, 'App\\Purchase', NULL, NULL, NULL, 1, 1, '{\"order_column\":null,\"order_display_column\":null}', '2018-06-27 10:17:46', '2018-06-27 10:17:46'),
  (9, 'sellers', 'sellers', 'Seller', 'Sellers', NULL, 'App\\Seller', NULL, NULL, NULL, 1, 1, '{\"order_column\":null,\"order_display_column\":null}', '2018-06-27 10:18:30', '2018-06-27 10:18:30'),
  (10, 'site_transfer_details', 'site-transfer-details', 'Site Transfer Detail', 'Site Transfer Details', NULL, 'App\\SiteTransferDetail', NULL, NULL, NULL, 1, 1, '{\"order_column\":null,\"order_display_column\":null}', '2018-06-27 10:19:41', '2018-06-27 10:19:41'),
  (11, 'site_transfers', 'site-transfers', 'Site Transfer', 'Site Transfers', NULL, 'App\\SiteTransfer', NULL, NULL, NULL, 1, 1, '{\"order_column\":null,\"order_display_column\":null}', '2018-06-27 10:23:05', '2018-06-27 10:23:05'),
  (12, 'sites', 'sites', 'Site', 'Sites', NULL, 'App\\Site', NULL, NULL, NULL, 1, 1, '{\"order_column\":null,\"order_display_column\":null}', '2018-06-27 10:28:45', '2018-06-27 10:28:45'),
  (13, 'statuses', 'statuses', 'Status', 'Statuses', NULL, 'App\\Status', NULL, NULL, NULL, 1, 1, '{\"order_column\":null,\"order_display_column\":null}', '2018-06-27 10:29:11', '2018-06-27 10:29:11');




INSERT INTO `data_rows` (`id`, `data_type_id`, `field`, `type`, `display_name`, `required`, `browse`, `read`, `edit`, `add`, `delete`, `details`, `order`) VALUES
(23, 4, 'id', 'hidden', 'Id', 1, 0, 0, 0, 0, 0, NULL, 1),
(24, 4, 'name', 'text', 'Name', 1, 1, 1, 1, 1, 1, NULL, 2),
(25, 4, 'location', 'coordinates', 'Location', 1, 1, 1, 1, 1, 1, NULL, 3),
(26, 4, 'address', 'text_area', 'Address', 1, 1, 1, 1, 1, 1, NULL, 4),
(27, 4, 'created_at', 'timestamp', 'Created At', 0, 0, 0, 0, 0, 0, NULL, 5),
(28, 4, 'updated_at', 'timestamp', 'Updated At', 0, 0, 0, 0, 0, 0, NULL, 6),
(29, 5, 'id', 'hidden', 'Id', 1, 0, 0, 0, 0, 0, NULL, 1),
(30, 5, 'godown_id', 'number', 'Godown Id', 1, 0, 0, 0, 0, 0, NULL, 2),
(31, 5, 'purchase_id', 'number', 'Purchase Id', 1, 0, 0, 0, 0, 0, NULL, 3),
(32, 5, 'date', 'date', 'Date', 1, 1, 1, 1, 1, 1, NULL, 4),
(33, 5, 'quantity', 'number', 'Quantity', 1, 1, 1, 1, 1, 1, NULL, 5),
(34, 5, 'created_at', 'timestamp', 'Created At', 0, 0, 0, 0, 0, 0, NULL, 6),
(35, 5, 'updated_at', 'timestamp', 'Updated At', 0, 0, 0, 0, 0, 0, NULL, 7),
(36, 6, 'id', 'hidden', 'Id', 1, 0, 0, 0, 0, 0, NULL, 1),
(37, 6, 'name', 'text', 'Name', 1, 1, 1, 1, 1, 1, NULL, 2),
(38, 6, 'details', 'text_area', 'Details', 1, 1, 1, 1, 1, 1, NULL, 3),
(39, 6, 'created_at', 'timestamp', 'Created At', 0, 0, 0, 0, 0, 0, NULL, 4),
(40, 6, 'updated_at', 'timestamp', 'Updated At', 0, 0, 0, 0, 0, 0, NULL, 5),
(41, 7, 'id', 'hidden', 'Id', 1, 0, 0, 0, 0, 0, NULL, 1),
(42, 7, 'name', 'text', 'Name', 1, 1, 1, 1, 1, 1, NULL, 2),
(43, 7, 'password', 'password', 'Password', 1, 1, 1, 1, 1, 1, NULL, 3),
(44, 7, 'created_at', 'timestamp', 'Created At', 0, 0, 0, 0, 0, 0, NULL, 4),
(45, 7, 'updated_at', 'timestamp', 'Updated At', 0, 0, 0, 0, 0, 0, NULL, 5),
(46, 8, 'id', 'hidden', 'Id', 1, 0, 0, 0, 0, 0, NULL, 1),
(47, 8, 'seller_id', 'hidden', 'Seller Id', 1, 0, 0, 0, 0, 0, NULL, 2),
(48, 8, 'goods_id', 'hidden', 'Goods Id', 1, 0, 0, 0, 0, 0, NULL, 3),
(49, 8, 'date', 'date', 'Date', 1, 1, 1, 1, 1, 1, NULL, 4),
(50, 8, 'quantity', 'number', 'Quantity', 1, 1, 1, 1, 1, 1, NULL, 5),
(51, 8, 'cost', 'number', 'Cost', 1, 1, 1, 1, 1, 1, NULL, 6),
(52, 8, 'purchase_due', 'number', 'Purchase Due', 1, 1, 1, 1, 1, 1, NULL, 7),
(53, 8, 'created_at', 'timestamp', 'Created At', 0, 0, 0, 0, 0, 0, NULL, 8),
(54, 8, 'updated_at', 'timestamp', 'Updated At', 0, 0, 0, 0, 0, 0, NULL, 9),
(55, 9, 'id', 'hidden', 'Id', 1, 0, 0, 0, 0, 0, NULL, 1),
(56, 9, 'name', 'text', 'Name', 1, 1, 1, 1, 1, 1, NULL, 2),
(57, 9, 'contact_no', 'number', 'Contact No', 1, 1, 1, 1, 1, 1, NULL, 3),
(58, 9, 'email', 'text', 'Email', 1, 1, 1, 1, 1, 1, NULL, 4),
(59, 9, 'created_at', 'timestamp', 'Created At', 0, 0, 0, 0, 0, 0, NULL, 5),
(60, 9, 'updated_at', 'timestamp', 'Updated At', 0, 0, 0, 0, 0, 0, NULL, 6),
(61, 10, 'id', 'hidden', 'Id', 1, 0, 0, 0, 0, 0, NULL, 1),
(62, 10, 'site_transfer_id', 'hidden', 'Site Transfer Id', 1, 0, 0, 0, 0, 0, NULL, 2),
(63, 10, 'onset_datetime', 'timestamp', 'Onset Datetime', 1, 1, 1, 1, 1, 1, NULL, 3),
(64, 10, 'quantity', 'number', 'Quantity', 1, 1, 1, 1, 1, 1, NULL, 4),
(65, 10, 'created_at', 'timestamp', 'Created At', 0, 0, 0, 0, 0, 0, NULL, 5),
(66, 10, 'updated_at', 'timestamp', 'Updated At', 0, 0, 0, 0, 0, 0, NULL, 6),
(67, 11, 'id', 'hidden', 'Id', 1, 0, 0, 0, 0, 0, NULL, 1),
(68, 11, 'site_id', 'hidden', 'Site Id', 1, 0, 0, 0, 0, 0, NULL, 2),
(69, 11, 'godown_transfer_id', 'hidden', 'Godown Transfer Id', 1, 0, 0, 0, 0, 0, NULL, 3),
(70, 11, 'date', 'text', 'Date', 1, 1, 1, 1, 1, 1, NULL, 6),
(71, 11, 'quantity', 'text', 'Quantity', 1, 1, 1, 1, 1, 1, NULL, 7),
(72, 11, 'labour_id', 'hidden', 'Labour Id', 1, 0, 0, 0, 0, 0, NULL, 4),
(73, 11, 'status_id', 'hidden', 'Status Id', 1, 0, 0, 0, 0, 0, NULL, 5),
(74, 11, 'created_at', 'timestamp', 'Created At', 0, 0, 0, 0, 0, 0, NULL, 8),
(75, 11, 'updated_at', 'timestamp', 'Updated At', 0, 0, 0, 0, 0, 0, NULL, 9),
(76, 12, 'id', 'hidden', 'Id', 1, 0, 0, 0, 0, 0, NULL, 1),
(77, 12, 'name', 'text', 'Name', 1, 1, 1, 1, 1, 1, NULL, 2),
(78, 12, 'location', 'hidden', 'Location', 1, 1, 1, 1, 1, 1, NULL, 3),
(79, 12, 'address', 'text_area', 'Address', 1, 1, 1, 1, 1, 1, NULL, 4),
(80, 12, 'created_at', 'timestamp', 'Created At', 0, 0, 0, 0, 0, 0, NULL, 5),
(81, 12, 'updated_at', 'timestamp', 'Updated At', 0, 0, 0, 0, 0, 0, NULL, 6),
(82, 13, 'id', 'hidden', 'Id', 1, 0, 0, 0, 0, 0, NULL, 1),
(83, 13, 'details', 'text_area', 'Details', 1, 1, 1, 1, 1, 1, NULL, 2),
(84, 13, 'created_at', 'timestamp', 'Created At', 0, 0, 0, 0, 0, 0, NULL, 3),
(85, 13, 'updated_at', 'timestamp', 'Updated At', 0, 0, 0, 0, 0, 0, NULL, 4),
(86, 8, 'purchase_belongsto_seller_relationship', 'relationship', 'sellers', 0, 1, 1, 1, 1, 1, '{\"model\":\"App\\\\Seller\",\"table\":\"sellers\",\"type\":\"belongsTo\",\"column\":\"seller_id\",\"key\":\"id\",\"label\":\"name\",\"pivot_table\":\"data_rows\",\"pivot\":\"0\",\"taggable\":\"0\"}', 10),
(87, 8, 'purchase_belongsto_good_relationship', 'relationship', 'goods', 0, 1, 1, 1, 1, 1, '{\"model\":\"App\\\\Good\",\"table\":\"goods\",\"type\":\"belongsTo\",\"column\":\"goods_id\",\"key\":\"id\",\"label\":\"name\",\"pivot_table\":\"data_rows\",\"pivot\":\"0\",\"taggable\":\"0\"}', 11);

-- --------------------------------------------------------


INSERT INTO `godowns` (`id`, `name`, `location`, `address`, `created_at`, `updated_at`) VALUES
(1, 'Ignite Godown', '', 'asdfghjkl;hjklhc', NULL, NULL),
(2, 'Hacienda Godown', '', 'rfyghnjdacxhjkm', NULL, NULL),
(3, 'Pecado Godown', '', 'asdfghjkl', NULL, NULL);


INSERT INTO `menu_items` (`id`, `menu_id`, `title`, `url`, `target`, `icon_class`, `color`, `parent_id`, `order`, `created_at`, `updated_at`, `route`, `parameters`) VALUES
(13, 1, 'Godowns', '', '_self', 'voyager-treasure', NULL, NULL, 16, '2018-06-27 10:12:36', '2018-06-27 10:12:36', 'voyager.godowns.index', NULL),
(14, 1, 'Godown Transfers', '', '_self', NULL, NULL, NULL, 17, '2018-06-27 10:15:41', '2018-06-27 10:15:41', 'voyager.godown-transfers.index', NULL),
(15, 1, 'Goods', '', '_self', NULL, NULL, NULL, 18, '2018-06-27 10:16:12', '2018-06-27 10:16:12', 'voyager.goods.index', NULL),
(16, 1, 'Labours', '', '_self', NULL, NULL, NULL, 19, '2018-06-27 10:16:39', '2018-06-27 10:16:39', 'voyager.labours.index', NULL),
(17, 1, 'Purchases', '', '_self', NULL, NULL, NULL, 20, '2018-06-27 10:17:46', '2018-06-27 10:17:46', 'voyager.purchases.index', NULL),
(18, 1, 'Sellers', '', '_self', NULL, NULL, NULL, 21, '2018-06-27 10:18:30', '2018-06-27 10:18:30', 'voyager.sellers.index', NULL),
(19, 1, 'Site Transfer Details', '', '_self', NULL, NULL, NULL, 22, '2018-06-27 10:19:41', '2018-06-27 10:19:41', 'voyager.site-transfer-details.index', NULL),
(20, 1, 'Site Transfers', '', '_self', NULL, NULL, NULL, 23, '2018-06-27 10:23:05', '2018-06-27 10:23:05', 'voyager.site-transfers.index', NULL),
(21, 1, 'Sites', '', '_self', NULL, NULL, NULL, 24, '2018-06-27 10:28:46', '2018-06-27 10:28:46', 'voyager.sites.index', NULL),
(22, 1, 'Statuses', '', '_self', NULL, NULL, NULL, 25, '2018-06-27 10:29:11', '2018-06-27 10:29:11', 'voyager.statuses.index', NULL);


INSERT INTO `permissions` (`id`, `key`, `table_name`, `created_at`, `updated_at`) VALUES
(28, 'read_godowns', 'godowns', '2018-06-27 10:12:36', '2018-06-27 10:12:36'),
(29, 'edit_godowns', 'godowns', '2018-06-27 10:12:36', '2018-06-27 10:12:36'),
(30, 'add_godowns', 'godowns', '2018-06-27 10:12:36', '2018-06-27 10:12:36'),
(31, 'delete_godowns', 'godowns', '2018-06-27 10:12:36', '2018-06-27 10:12:36'),
(32, 'browse_godown_transfers', 'godown_transfers', '2018-06-27 10:15:41', '2018-06-27 10:15:41'),
(33, 'read_godown_transfers', 'godown_transfers', '2018-06-27 10:15:41', '2018-06-27 10:15:41'),
(34, 'edit_godown_transfers', 'godown_transfers', '2018-06-27 10:15:41', '2018-06-27 10:15:41'),
(35, 'add_godown_transfers', 'godown_transfers', '2018-06-27 10:15:41', '2018-06-27 10:15:41'),
(36, 'delete_godown_transfers', 'godown_transfers', '2018-06-27 10:15:41', '2018-06-27 10:15:41'),
(37, 'browse_goods', 'goods', '2018-06-27 10:16:12', '2018-06-27 10:16:12'),
(38, 'read_goods', 'goods', '2018-06-27 10:16:12', '2018-06-27 10:16:12'),
(39, 'edit_goods', 'goods', '2018-06-27 10:16:12', '2018-06-27 10:16:12'),
(40, 'add_goods', 'goods', '2018-06-27 10:16:12', '2018-06-27 10:16:12'),
(41, 'delete_goods', 'goods', '2018-06-27 10:16:12', '2018-06-27 10:16:12'),
(42, 'browse_labours', 'labours', '2018-06-27 10:16:39', '2018-06-27 10:16:39'),
(43, 'read_labours', 'labours', '2018-06-27 10:16:39', '2018-06-27 10:16:39'),
(44, 'edit_labours', 'labours', '2018-06-27 10:16:39', '2018-06-27 10:16:39'),
(45, 'add_labours', 'labours', '2018-06-27 10:16:39', '2018-06-27 10:16:39'),
(46, 'delete_labours', 'labours', '2018-06-27 10:16:39', '2018-06-27 10:16:39'),
(47, 'browse_purchases', 'purchases', '2018-06-27 10:17:46', '2018-06-27 10:17:46'),
(48, 'read_purchases', 'purchases', '2018-06-27 10:17:46', '2018-06-27 10:17:46'),
(49, 'edit_purchases', 'purchases', '2018-06-27 10:17:46', '2018-06-27 10:17:46'),
(50, 'add_purchases', 'purchases', '2018-06-27 10:17:46', '2018-06-27 10:17:46'),
(51, 'delete_purchases', 'purchases', '2018-06-27 10:17:46', '2018-06-27 10:17:46'),
(52, 'browse_sellers', 'sellers', '2018-06-27 10:18:30', '2018-06-27 10:18:30'),
(53, 'read_sellers', 'sellers', '2018-06-27 10:18:30', '2018-06-27 10:18:30'),
(54, 'edit_sellers', 'sellers', '2018-06-27 10:18:30', '2018-06-27 10:18:30'),
(55, 'add_sellers', 'sellers', '2018-06-27 10:18:30', '2018-06-27 10:18:30'),
(56, 'delete_sellers', 'sellers', '2018-06-27 10:18:30', '2018-06-27 10:18:30'),
(57, 'browse_site_transfer_details', 'site_transfer_details', '2018-06-27 10:19:41', '2018-06-27 10:19:41'),
(58, 'read_site_transfer_details', 'site_transfer_details', '2018-06-27 10:19:41', '2018-06-27 10:19:41'),
(59, 'edit_site_transfer_details', 'site_transfer_details', '2018-06-27 10:19:41', '2018-06-27 10:19:41'),
(60, 'add_site_transfer_details', 'site_transfer_details', '2018-06-27 10:19:41', '2018-06-27 10:19:41'),
(61, 'delete_site_transfer_details', 'site_transfer_details', '2018-06-27 10:19:41', '2018-06-27 10:19:41'),
(62, 'browse_site_transfers', 'site_transfers', '2018-06-27 10:23:05', '2018-06-27 10:23:05'),
(63, 'read_site_transfers', 'site_transfers', '2018-06-27 10:23:05', '2018-06-27 10:23:05'),
(64, 'edit_site_transfers', 'site_transfers', '2018-06-27 10:23:05', '2018-06-27 10:23:05'),
(65, 'add_site_transfers', 'site_transfers', '2018-06-27 10:23:05', '2018-06-27 10:23:05'),
(66, 'delete_site_transfers', 'site_transfers', '2018-06-27 10:23:05', '2018-06-27 10:23:05'),
(67, 'browse_sites', 'sites', '2018-06-27 10:28:46', '2018-06-27 10:28:46'),
(68, 'read_sites', 'sites', '2018-06-27 10:28:46', '2018-06-27 10:28:46'),
(69, 'edit_sites', 'sites', '2018-06-27 10:28:46', '2018-06-27 10:28:46'),
(70, 'add_sites', 'sites', '2018-06-27 10:28:46', '2018-06-27 10:28:46'),
(71, 'delete_sites', 'sites', '2018-06-27 10:28:46', '2018-06-27 10:28:46'),
(72, 'browse_statuses', 'statuses', '2018-06-27 10:29:11', '2018-06-27 10:29:11'),
(73, 'read_statuses', 'statuses', '2018-06-27 10:29:11', '2018-06-27 10:29:11'),
(74, 'edit_statuses', 'statuses', '2018-06-27 10:29:11', '2018-06-27 10:29:11'),
(75, 'add_statuses', 'statuses', '2018-06-27 10:29:11', '2018-06-27 10:29:11'),
(76, 'delete_statuses', 'statuses', '2018-06-27 10:29:11', '2018-06-27 10:29:11'),
(77, 'browse_godowns', 'godowns', '2018-06-27 10:12:36', '2018-06-27 10:12:36');


INSERT INTO `permission_role` (`permission_id`, `role_id`) VALUES
(28, 1),
(29, 1),
(30, 1),
(31, 1),
(32, 1),
(33, 1),
(34, 1),
(35, 1),
(36, 1),
(37, 1),
(38, 1),
(39, 1),
(40, 1),
(41, 1),
(42, 1),
(43, 1),
(44, 1),
(45, 1),
(46, 1),
(47, 1),
(48, 1),
(49, 1),
(50, 1),
(51, 1),
(52, 1),
(53, 1),
(54, 1),
(55, 1),
(56, 1),
(57, 1),
(58, 1),
(59, 1),
(60, 1),
(61, 1),
(62, 1),
(63, 1),
(64, 1),
(65, 1),
(66, 1),
(67, 1),
(68, 1),
(69, 1),
(70, 1),
(71, 1),
(72, 1),
(73, 1),
(74, 1),
(75, 1),
(76, 1),
(77, 1);

-- --------------------------------------------------------
